[
  {
    "platform" : "ANDROID_ARM",
    "searchTime" : "2020-07-06T05:28:25.384Z[UTC]",
    "searchQuery" : "like a ",
    "searchInteractionURIs" : [
      "spotify:track:4DvhkX2ic4zWkQeWMwQ2qf"
    ]
  },
  {
    "platform" : "ANDROID_ARM",
    "searchTime" : "2020-07-07T12:28:46.483Z[UTC]",
    "searchQuery" : "someone e",
    "searchInteractionURIs" : [
      "spotify:album:43PrBCExe9DKwdI9TJKAtc"
    ]
  },
  {
    "platform" : "ANDROID_ARM",
    "searchTime" : "2020-07-07T14:04:44.887Z[UTC]",
    "searchQuery" : "vietual",
    "searchInteractionURIs" : [
      "spotify:artist:0F52YLV7uWqaJfMMDgG737"
    ]
  },
  {
    "platform" : "ANDROID_ARM",
    "searchTime" : "2020-07-07T21:16:16.988Z[UTC]",
    "searchQuery" : "deep end",
    "searchInteractionURIs" : [
      "spotify:track:61eyaitcIdl1jpnc6Kb8M3",
      "spotify:track:61eyaitcIdl1jpnc6Kb8M3",
      "spotify:track:61eyaitcIdl1jpnc6Kb8M3",
      "spotify:track:4zTPYAf5scZdp0LnwPPeWK"
    ]
  },
  {
    "platform" : "ANDROID_ARM",
    "searchTime" : "2020-07-08T17:03:22.937Z[UTC]",
    "searchQuery" : "porter",
    "searchInteractionURIs" : [
      "spotify:artist:3dz0NnIZhtKKeXZxLOxCam",
      "spotify:playlist:37i9dQZF1DZ06evO1RBsv6"
    ]
  },
  {
    "platform" : "ANDROID_ARM",
    "searchTime" : "2020-07-09T11:37:03.125Z[UTC]",
    "searchQuery" : "virtual",
    "searchInteractionURIs" : [
      "spotify:artist:0F52YLV7uWqaJfMMDgG737"
    ]
  },
  {
    "platform" : "ANDROID_ARM",
    "searchTime" : "2020-07-10T04:52:24.250Z[UTC]",
    "searchQuery" : "hot sin",
    "searchInteractionURIs" : [
      "spotify:artist:1tRBmMtER4fGrzrt8O9VpS"
    ]
  },
  {
    "platform" : "ANDROID_ARM",
    "searchTime" : "2020-07-10T21:35:48.610Z[UTC]",
    "searchQuery" : "aphex ",
    "searchInteractionURIs" : [
      "spotify:artist:6kBDZFXuLrZgHnvmPu9NsG"
    ]
  },
  {
    "platform" : "ANDROID_ARM",
    "searchTime" : "2020-07-10T22:46:03.761Z[UTC]",
    "searchQuery" : "nights with tou",
    "searchInteractionURIs" : [
      "spotify:track:5q5gzmbBS5yQzos2BvVr1t",
      ""
    ]
  },
  {
    "platform" : "ANDROID_ARM",
    "searchTime" : "2020-07-10T23:03:39.508Z[UTC]",
    "searchQuery" : "starks",
    "searchInteractionURIs" : [
      "spotify:track:3AgFyEsyxDfQfYsczdnRZ2",
      ""
    ]
  },
  {
    "platform" : "ANDROID_ARM",
    "searchTime" : "2020-07-10T23:31:46.044Z[UTC]",
    "searchQuery" : "peach ja",
    "searchInteractionURIs" : [
      "spotify:track:6dktyiCWz2JYGmcPQ5D5dY",
      ""
    ]
  },
  {
    "platform" : "ANDROID_ARM",
    "searchTime" : "2020-07-11T02:11:09.375Z[UTC]",
    "searchQuery" : "port",
    "searchInteractionURIs" : [
      "spotify:artist:3dz0NnIZhtKKeXZxLOxCam"
    ]
  },
  {
    "platform" : "ANDROID_ARM",
    "searchTime" : "2020-07-11T03:32:47.615Z[UTC]",
    "searchQuery" : "idhu vari",
    "searchInteractionURIs" : [
      "spotify:track:01hxswuVCO7kzVJKt001Vg"
    ]
  },
  {
    "platform" : "ANDROID_ARM",
    "searchTime" : "2020-07-11T03:44:20.806Z[UTC]",
    "searchQuery" : "lover",
    "searchInteractionURIs" : [
      "spotify:track:1dGr1c8CrMLDpV6mPbImSI",
      ""
    ]
  },
  {
    "platform" : "ANDROID_ARM",
    "searchTime" : "2020-07-11T03:45:45.931Z[UTC]",
    "searchQuery" : "taylor",
    "searchInteractionURIs" : [
      "spotify:artist:06HL4z0CvFAxyc27GXpf02",
      ""
    ]
  },
  {
    "platform" : "ANDROID_ARM",
    "searchTime" : "2020-07-11T04:13:56.961Z[UTC]",
    "searchQuery" : "harvest ",
    "searchInteractionURIs" : [
      "spotify:track:5l9c6bJmzvftumhz4TMPgk",
      ""
    ]
  },
  {
    "platform" : "ANDROID_ARM",
    "searchTime" : "2020-07-11T04:17:55.145Z[UTC]",
    "searchQuery" : "neil young",
    "searchInteractionURIs" : [
      "spotify:artist:6v8FB84lnmJs434UJf2Mrm"
    ]
  },
  {
    "platform" : "ANDROID_ARM",
    "searchTime" : "2020-07-11T04:19:08.828Z[UTC]",
    "searchQuery" : "dow",
    "searchInteractionURIs" : [
      ""
    ]
  },
  {
    "platform" : "ANDROID_ARM",
    "searchTime" : "2020-07-11T04:19:16.554Z[UTC]",
    "searchQuery" : "neil young river",
    "searchInteractionURIs" : [
      "spotify:track:2EFtUP7BmsjHzhQqI6A4rp"
    ]
  },
  {
    "platform" : "ANDROID_ARM",
    "searchTime" : "2020-07-11T17:09:08.006Z[UTC]",
    "searchQuery" : "daft punk gio",
    "searchInteractionURIs" : [
      "spotify:track:0oks4FnzhNp5QPTZtoet7c"
    ]
  },
  {
    "platform" : "ANDROID_ARM",
    "searchTime" : "2020-07-11T17:27:14.671Z[UTC]",
    "searchQuery" : "gengi",
    "searchInteractionURIs" : [
      "spotify:track:1pYSFtyZaRyP4bwazfm5cy"
    ]
  },
  {
    "platform" : "ANDROID_ARM",
    "searchTime" : "2020-07-14T14:41:42.521Z[UTC]",
    "searchQuery" : "skr",
    "searchInteractionURIs" : [
      "spotify:artist:5he5w2lnU9x7JFhnwcekXX"
    ]
  },
  {
    "platform" : "ANDROID_ARM",
    "searchTime" : "2020-07-14T19:54:36.363Z[UTC]",
    "searchQuery" : "greensk",
    "searchInteractionURIs" : [
      "spotify:artist:33bzrYoIWLx5uox3y0VtHn",
      ""
    ]
  },
  {
    "platform" : "ANDROID_ARM",
    "searchTime" : "2020-07-14T20:14:56.529Z[UTC]",
    "searchQuery" : "ween",
    "searchInteractionURIs" : [
      "spotify:artist:3u1ulLq00Y3bfmq9FfjsPu"
    ]
  },
  {
    "platform" : "ANDROID_ARM",
    "searchTime" : "2020-07-15T13:06:11.858Z[UTC]",
    "searchQuery" : "gec",
    "searchInteractionURIs" : [
      "spotify:artist:6PfSUFtkMVoDkx4MQkzOi3"
    ]
  },
  {
    "platform" : "ANDROID_ARM",
    "searchTime" : "2020-07-15T21:22:28.561Z[UTC]",
    "searchQuery" : "jesus ",
    "searchInteractionURIs" : [
    ]
  },
  {
    "platform" : "ANDROID_ARM",
    "searchTime" : "2020-07-15T21:26:44.752Z[UTC]",
    "searchQuery" : "jesus li",
    "searchInteractionURIs" : [
      "spotify:show:3QYyaLPJVLiROetw43ou4m",
      "spotify:artist:6r26MaDr8bqNALjXgYPXMa"
    ]
  },
  {
    "platform" : "ANDROID_ARM",
    "searchTime" : "2020-07-16T00:03:21.219Z[UTC]",
    "searchQuery" : "e.v.",
    "searchInteractionURIs" : [
      "spotify:track:4nQNNwnIUUmFzVOcVVJCk1"
    ]
  },
  {
    "platform" : "DESKTOP",
    "searchTime" : "2020-07-16T13:40:09.061Z[UTC]",
    "searchQuery" : "time  whipp",
    "searchInteractionURIs" : [
      "spotify:track:3e5bjd7JwTpx3tIwSOwa37"
    ]
  },
  {
    "platform" : "DESKTOP",
    "searchTime" : "2020-07-16T14:44:05.056Z[UTC]",
    "searchQuery" : "time  whipp",
    "searchInteractionURIs" : [
    ]
  },
  {
    "platform" : "DESKTOP",
    "searchTime" : "2020-07-16T19:41:00.999Z[UTC]",
    "searchQuery" : "when the night is ",
    "searchInteractionURIs" : [
      "spotify:track:4Eo1B8vUox4b8CrzZk0OtF"
    ]
  },
  {
    "platform" : "DESKTOP",
    "searchTime" : "2020-07-17T13:40:55.734Z[UTC]",
    "searchQuery" : "turnst",
    "searchInteractionURIs" : [
      "spotify:artist:2qnpHrOzdmOo1S4ox3j17x"
    ]
  },
  {
    "platform" : "DESKTOP",
    "searchTime" : "2020-07-17T13:41:09.658Z[UTC]",
    "searchQuery" : "this is turnstile",
    "searchInteractionURIs" : [
      "spotify:playlist:7sm6u9LgNTJnkWQRR9s7hY"
    ]
  },
  {
    "platform" : "ANDROID_ARM",
    "searchTime" : "2020-07-18T12:18:16.644Z[UTC]",
    "searchQuery" : "f",
    "searchInteractionURIs" : [
      ""
    ]
  },
  {
    "platform" : "ANDROID_ARM",
    "searchTime" : "2020-07-18T12:18:33.158Z[UTC]",
    "searchQuery" : "frankcoi",
    "searchInteractionURIs" : [
      "spotify:artist:7x3f7c0fBanNlQwpx1255g",
      "spotify:playlist:37i9dQZF1DZ06evO4syizc"
    ]
  },
  {
    "platform" : "ANDROID_ARM",
    "searchTime" : "2020-07-20T10:15:31.776Z[UTC]",
    "searchQuery" : "port",
    "searchInteractionURIs" : [
      "spotify:artist:3dz0NnIZhtKKeXZxLOxCam"
    ]
  },
  {
    "platform" : "ANDROID_ARM",
    "searchTime" : "2020-07-20T10:49:56.674Z[UTC]",
    "searchQuery" : "duncal trussel ",
    "searchInteractionURIs" : [
      "spotify:show:1Wz3JX3ZNE24lnbSroRmpq"
    ]
  },
  {
    "platform" : "ANDROID_ARM",
    "searchTime" : "2020-07-20T10:54:13.626Z[UTC]",
    "searchQuery" : "ram dass",
    "searchInteractionURIs" : [
      "spotify:artist:3XX4k7fPq9gcyZRDrbXfnS"
    ]
  },
  {
    "platform" : "DESKTOP",
    "searchTime" : "2020-07-21T18:09:21.853Z[UTC]",
    "searchQuery" : "snt ",
    "searchInteractionURIs" : [
      "spotify:playlist:6rmjXt9bJtL7LckwF7rE00"
    ]
  },
  {
    "platform" : "DESKTOP",
    "searchTime" : "2020-07-21T18:13:06.335Z[UTC]",
    "searchQuery" : "duke d",
    "searchInteractionURIs" : [
      "spotify:artist:61lyPtntblHJvA7FMMhi7E"
    ]
  },
  {
    "platform" : "ANDROID_ARM",
    "searchTime" : "2020-07-21T21:13:27.398Z[UTC]",
    "searchQuery" : "honey hone",
    "searchInteractionURIs" : [
      "spotify:artist:22tQF7y3PwRuU6ZWAV2oTM"
    ]
  },
  {
    "platform" : "ANDROID_ARM",
    "searchTime" : "2020-07-21T22:07:52.115Z[UTC]",
    "searchQuery" : "jesus ",
    "searchInteractionURIs" : [
      ""
    ]
  },
  {
    "platform" : "DESKTOP",
    "searchTime" : "2020-07-22T19:12:28.660Z[UTC]",
    "searchQuery" : "pig",
    "searchInteractionURIs" : [
      "spotify:artist:52NOvMXEjgf8MQl0qop2dl"
    ]
  },
  {
    "platform" : "ANDROID_ARM",
    "searchTime" : "2020-07-23T18:39:20.168Z[UTC]",
    "searchQuery" : "gorge",
    "searchInteractionURIs" : [
      "spotify:album:1YLtfeGp5fuqWTfXncvyt1"
    ]
  },
  {
    "platform" : "DESKTOP",
    "searchTime" : "2020-07-23T19:50:19.460Z[UTC]",
    "searchQuery" : "do you even ",
    "searchInteractionURIs" : [
      "spotify:track:7of7CKUljfo2D6zrRq2c3S",
      "spotify:track:7of7CKUljfo2D6zrRq2c3S"
    ]
  },
  {
    "platform" : "ANDROID_ARM",
    "searchTime" : "2020-07-24T12:22:27.690Z[UTC]",
    "searchQuery" : "witch",
    "searchInteractionURIs" : [
      "spotify:artist:0LMkPoi2xIgpOPUSJMftqM"
    ]
  },
  {
    "platform" : "ANDROID_ARM",
    "searchTime" : "2020-07-24T12:22:59.592Z[UTC]",
    "searchQuery" : "d",
    "searchInteractionURIs" : [
      ""
    ]
  },
  {
    "platform" : "ANDROID_ARM",
    "searchTime" : "2020-07-24T12:23:11.501Z[UTC]",
    "searchQuery" : "switch the ",
    "searchInteractionURIs" : [
      ""
    ]
  },
  {
    "platform" : "ANDROID_ARM",
    "searchTime" : "2020-07-25T04:20:41.267Z[UTC]",
    "searchQuery" : "diplo",
    "searchInteractionURIs" : [
      "spotify:artist:5fMUXHkw8R8eOP2RNVYEZX"
    ]
  },
  {
    "platform" : "ANDROID_ARM",
    "searchTime" : "2020-07-25T04:21:02.797Z[UTC]",
    "searchQuery" : "skrill",
    "searchInteractionURIs" : [
      "spotify:artist:5he5w2lnU9x7JFhnwcekXX"
    ]
  },
  {
    "platform" : "ANDROID_ARM",
    "searchTime" : "2020-07-25T14:48:00.432Z[UTC]",
    "searchQuery" : "god shiva",
    "searchInteractionURIs" : [
      "spotify:track:0TmEpEK3FY9mdyErkrkM3O",
      "spotify:track:0TmEpEK3FY9mdyErkrkM3O"
    ]
  },
  {
    "platform" : "ANDROID_ARM",
    "searchTime" : "2020-07-26T00:51:13.768Z[UTC]",
    "searchQuery" : "nee ",
    "searchInteractionURIs" : [
    ]
  },
  {
    "platform" : "ANDROID_ARM",
    "searchTime" : "2020-07-26T02:12:10.889Z[UTC]",
    "searchQuery" : "stick ",
    "searchInteractionURIs" : [
      "spotify:artist:5SXEylV07TC57eanSxxg4R"
    ]
  },
  {
    "platform" : "ANDROID_ARM",
    "searchTime" : "2020-07-26T19:45:37.234Z[UTC]",
    "searchQuery" : "badu",
    "searchInteractionURIs" : [
      "spotify:artist:7IfculRW2WXyzNQ8djX8WX"
    ]
  },
  {
    "platform" : "DESKTOP",
    "searchTime" : "2020-07-27T13:58:29.275Z[UTC]",
    "searchQuery" : "burn dee",
    "searchInteractionURIs" : [
      "spotify:track:5s8IEEjgCTrujK3aUalvfF"
    ]
  },
  {
    "platform" : "ANDROID_ARM",
    "searchTime" : "2020-07-27T14:28:13.308Z[UTC]",
    "searchQuery" : "lights fo ",
    "searchInteractionURIs" : [
      "spotify:track:0RJgmCUXLIDQ2kMMAD5cGs",
      "spotify:track:0uKDvTJgKHRupHRqZdP1ij"
    ]
  },
  {
    "platform" : "DESKTOP",
    "searchTime" : "2020-07-27T14:58:12.913Z[UTC]",
    "searchQuery" : "chris lake",
    "searchInteractionURIs" : [
      "spotify:playlist:37i9dQZF1DZ06evO3mGMY8",
      "spotify:playlist:37i9dQZF1DZ06evO3mGMY8",
      "spotify:playlist:37i9dQZF1DZ06evO3mGMY8"
    ]
  },
  {
    "platform" : "DESKTOP",
    "searchTime" : "2020-07-27T15:02:46.111Z[UTC]",
    "searchQuery" : "yukse",
    "searchInteractionURIs" : [
      "spotify:playlist:37i9dQZF1DZ06evO1h3Tgx",
      "spotify:artist:2ePIzx9NjxplS724QMZtsf"
    ]
  },
  {
    "platform" : "DESKTOP",
    "searchTime" : "2020-07-27T15:32:26.699Z[UTC]",
    "searchQuery" : "virtual se",
    "searchInteractionURIs" : [
      "spotify:artist:0F52YLV7uWqaJfMMDgG737"
    ]
  },
  {
    "platform" : "ANDROID_ARM",
    "searchTime" : "2020-07-27T15:55:51.630Z[UTC]",
    "searchQuery" : "fresh sta",
    "searchInteractionURIs" : [
      "spotify:track:1LikBIcmCec6zE64SHFcMK"
    ]
  },
  {
    "platform" : "ANDROID_ARM",
    "searchTime" : "2020-07-27T19:03:21.456Z[UTC]",
    "searchQuery" : "jre",
    "searchInteractionURIs" : [
      "spotify:show:4rOoJ6Egrf8K2IrywzwOMk"
    ]
  },
  {
    "platform" : "ANDROID_ARM",
    "searchTime" : "2020-07-28T10:42:59.799Z[UTC]",
    "searchQuery" : "porter",
    "searchInteractionURIs" : [
      "spotify:artist:3dz0NnIZhtKKeXZxLOxCam",
      ""
    ]
  },
  {
    "platform" : "ANDROID_ARM",
    "searchTime" : "2020-07-28T10:44:41.248Z[UTC]",
    "searchQuery" : "virtual ",
    "searchInteractionURIs" : [
      "spotify:artist:0F52YLV7uWqaJfMMDgG737"
    ]
  },
  {
    "platform" : "DESKTOP",
    "searchTime" : "2020-07-28T13:41:28.507Z[UTC]",
    "searchQuery" : "beautiful light",
    "searchInteractionURIs" : [
      "spotify:track:72svLiYZ4D14ryt056I66v"
    ]
  },
  {
    "platform" : "DESKTOP",
    "searchTime" : "2020-07-28T19:13:31.939Z[UTC]",
    "searchQuery" : "ween",
    "searchInteractionURIs" : [
      "spotify:artist:3u1ulLq00Y3bfmq9FfjsPu",
      "spotify:playlist:37i9dQZF1DZ06evO21vv4c"
    ]
  },
  {
    "platform" : "ANDROID_ARM",
    "searchTime" : "2020-07-28T22:23:03.848Z[UTC]",
    "searchQuery" : "b2b",
    "searchInteractionURIs" : [
      "spotify:playlist:3jemtW2ySrEInJEulJqvGU"
    ]
  },
  {
    "platform" : "DESKTOP",
    "searchTime" : "2020-07-29T12:29:17.875Z[UTC]",
    "searchQuery" : "secret sky",
    "searchInteractionURIs" : [
      "spotify:playlist:75Hr2O6ug9nvqDzfQ69FBs",
      "spotify:playlist:75Hr2O6ug9nvqDzfQ69FBs"
    ]
  },
  {
    "platform" : "DESKTOP",
    "searchTime" : "2020-07-29T17:13:05.540Z[UTC]",
    "searchQuery" : "this is um",
    "searchInteractionURIs" : [
      "spotify:playlist:37i9dQZF1DZ06evO4mps3M"
    ]
  },
  {
    "platform" : "DESKTOP",
    "searchTime" : "2020-07-29T18:47:49.789Z[UTC]",
    "searchQuery" : "this is um",
    "searchInteractionURIs" : [
      "spotify:playlist:37i9dQZF1DZ06evO4mps3M",
      "spotify:playlist:37i9dQZF1DZ06evO4mps3M"
    ]
  },
  {
    "platform" : "ANDROID_ARM",
    "searchTime" : "2020-07-30T12:01:53.989Z[UTC]",
    "searchQuery" : "yuksek",
    "searchInteractionURIs" : [
      "spotify:artist:2ePIzx9NjxplS724QMZtsf"
    ]
  },
  {
    "platform" : "ANDROID_ARM",
    "searchTime" : "2020-07-30T12:02:15.048Z[UTC]",
    "searchQuery" : "gorgeous yuk",
    "searchInteractionURIs" : [
      "spotify:track:587tcic4xEmMXlsZ6qsMwK"
    ]
  },
  {
    "platform" : "DESKTOP",
    "searchTime" : "2020-07-30T14:06:08.521Z[UTC]",
    "searchQuery" : "super drunk",
    "searchInteractionURIs" : [
      "spotify:artist:04rhebO91K6xoiXE0XuDkh"
    ]
  },
  {
    "platform" : "ANDROID_ARM",
    "searchTime" : "2020-07-30T20:15:02.537Z[UTC]",
    "searchQuery" : "bionicle",
    "searchInteractionURIs" : [
    ]
  },
  {
    "platform" : "ANDROID_ARM",
    "searchTime" : "2020-07-31T01:27:42.247Z[UTC]",
    "searchQuery" : "kings",
    "searchInteractionURIs" : [
      "spotify:artist:2qk9voo8llSGYcZ6xrBzKx"
    ]
  },
  {
    "platform" : "ANDROID_ARM",
    "searchTime" : "2020-07-31T23:30:39.987Z[UTC]",
    "searchQuery" : "pig",
    "searchInteractionURIs" : [
      "spotify:album:27wYCoAJYIyymo5LIe6Jz8",
      "spotify:artist:52NOvMXEjgf8MQl0qop2dl"
    ]
  },
  {
    "platform" : "ANDROID_ARM",
    "searchTime" : "2020-08-01T00:53:50.402Z[UTC]",
    "searchQuery" : "ti",
    "searchInteractionURIs" : [
      ""
    ]
  },
  {
    "platform" : "ANDROID_ARM",
    "searchTime" : "2020-08-01T00:54:03.257Z[UTC]",
    "searchQuery" : "tipper ",
    "searchInteractionURIs" : [
      "spotify:artist:1soJ22UMyjIw6SYFtoFJwe",
      ""
    ]
  },
  {
    "platform" : "ANDROID_ARM",
    "searchTime" : "2020-08-01T01:14:30.427Z[UTC]",
    "searchQuery" : "jade cicad",
    "searchInteractionURIs" : [
      "spotify:artist:6HFxqZ6WaTb7TQUhNsK25o"
    ]
  },
  {
    "platform" : "ANDROID_ARM",
    "searchTime" : "2020-08-01T02:30:11.468Z[UTC]",
    "searchQuery" : "jade c",
    "searchInteractionURIs" : [
      ""
    ]
  },
  {
    "platform" : "ANDROID_ARM",
    "searchTime" : "2020-08-01T02:30:13.919Z[UTC]",
    "searchQuery" : "versa",
    "searchInteractionURIs" : [
      "spotify:artist:7lm6PfYsdEvxXIqA5LaCA3"
    ]
  },
  {
    "platform" : "ANDROID_ARM",
    "searchTime" : "2020-08-01T03:09:00.903Z[UTC]",
    "searchQuery" : "somg of dragon",
    "searchInteractionURIs" : [
      "spotify:track:48RME2XQqVXIaH54NA4pRe",
      "spotify:track:48RME2XQqVXIaH54NA4pRe"
    ]
  },
  {
    "platform" : "ANDROID_ARM",
    "searchTime" : "2020-08-02T20:35:58.688Z[UTC]",
    "searchQuery" : "get hyp",
    "searchInteractionURIs" : [
      ""
    ]
  },
  {
    "platform" : "ANDROID_ARM",
    "searchTime" : "2020-08-02T20:36:54.390Z[UTC]",
    "searchQuery" : "martin ",
    "searchInteractionURIs" : [
    ]
  },
  {
    "platform" : "ANDROID_ARM",
    "searchTime" : "2020-08-02T20:37:23.573Z[UTC]",
    "searchQuery" : "martin",
    "searchInteractionURIs" : [
    ]
  },
  {
    "platform" : "ANDROID_ARM",
    "searchTime" : "2020-08-02T20:38:25.688Z[UTC]",
    "searchQuery" : "martin imi",
    "searchInteractionURIs" : [
      "spotify:artist:7DhdJhd6DrxeJlUajwttd1",
      "spotify:track:09GornYdyw9smCqCi5AiFK",
      ""
    ]
  },
  {
    "platform" : "ANDROID_ARM",
    "searchTime" : "2020-08-02T20:38:57.024Z[UTC]",
    "searchQuery" : "heaven nic",
    "searchInteractionURIs" : [
      "spotify:track:4WXIcBXdNAvsFKSMMqettI"
    ]
  },
  {
    "platform" : "ANDROID_ARM",
    "searchTime" : "2020-08-02T21:18:48.712Z[UTC]",
    "searchQuery" : "f",
    "searchInteractionURIs" : [
      ""
    ]
  },
  {
    "platform" : "ANDROID_ARM",
    "searchTime" : "2020-08-02T21:18:49.550Z[UTC]",
    "searchQuery" : "f",
    "searchInteractionURIs" : [
      ""
    ]
  },
  {
    "platform" : "ANDROID_ARM",
    "searchTime" : "2020-08-02T21:19:02.503Z[UTC]",
    "searchQuery" : "floor seats s",
    "searchInteractionURIs" : [
      "spotify:track:2HE1lry8NZ8gPuxQ0pDy3W"
    ]
  },
  {
    "platform" : "ANDROID_ARM",
    "searchTime" : "2020-08-03T02:01:35.810Z[UTC]",
    "searchQuery" : "pre",
    "searchInteractionURIs" : [
      "spotify:artist:4iVhFmG8YCCEHANGeUUS9q"
    ]
  },
  {
    "platform" : "ANDROID_ARM",
    "searchTime" : "2020-08-03T11:25:51.763Z[UTC]",
    "searchQuery" : "jad",
    "searchInteractionURIs" : [
      "spotify:artist:6HFxqZ6WaTb7TQUhNsK25o",
      ""
    ]
  },
  {
    "platform" : "DESKTOP",
    "searchTime" : "2020-08-03T17:35:32.236Z[UTC]",
    "searchQuery" : "jade",
    "searchInteractionURIs" : [
      "spotify:artist:6HFxqZ6WaTb7TQUhNsK25o"
    ]
  },
  {
    "platform" : "DESKTOP",
    "searchTime" : "2020-08-03T18:19:57.131Z[UTC]",
    "searchQuery" : "yuk",
    "searchInteractionURIs" : [
      "spotify:artist:2ePIzx9NjxplS724QMZtsf",
      "spotify:artist:2ePIzx9NjxplS724QMZtsf"
    ]
  },
  {
    "platform" : "DESKTOP",
    "searchTime" : "2020-08-03T18:37:14.078Z[UTC]",
    "searchQuery" : "joe ro",
    "searchInteractionURIs" : [
      "spotify:show:4rOoJ6Egrf8K2IrywzwOMk"
    ]
  },
  {
    "platform" : "DESKTOP",
    "searchTime" : "2020-08-04T15:23:19.296Z[UTC]",
    "searchQuery" : "ramdas",
    "searchInteractionURIs" : [
    ]
  },
  {
    "platform" : "DESKTOP",
    "searchTime" : "2020-08-04T15:24:10.388Z[UTC]",
    "searchQuery" : "be here and now",
    "searchInteractionURIs" : [
      "spotify:show:2Ycn9LQ2OctSPXdULwPRXB"
    ]
  },
  {
    "platform" : "DESKTOP",
    "searchTime" : "2020-08-04T17:24:09.990Z[UTC]",
    "searchQuery" : "be here and now",
    "searchInteractionURIs" : [
    ]
  },
  {
    "platform" : "DESKTOP",
    "searchTime" : "2020-08-04T20:03:55.857Z[UTC]",
    "searchQuery" : "be here and now",
    "searchInteractionURIs" : [
    ]
  },
  {
    "platform" : "ANDROID_ARM",
    "searchTime" : "2020-08-06T01:00:25.660Z[UTC]",
    "searchQuery" : "loc",
    "searchInteractionURIs" : [
      "spotify:artist:75dQReiBOHN37fQgWQrIAJ"
    ]
  },
  {
    "platform" : "DESKTOP",
    "searchTime" : "2020-08-06T01:41:14.367Z[UTC]",
    "searchQuery" : "uppermo",
    "searchInteractionURIs" : [
      "spotify:artist:58UpHBCQ1Jj67DJsR7Qyqg"
    ]
  },
  {
    "platform" : "DESKTOP",
    "searchTime" : "2020-08-06T13:13:31.117Z[UTC]",
    "searchQuery" : "this is tipper",
    "searchInteractionURIs" : [
      "spotify:playlist:37i9dQZF1DZ06evO0NUYAW"
    ]
  },
  {
    "platform" : "ANDROID_ARM",
    "searchTime" : "2020-08-07T14:19:07.246Z[UTC]",
    "searchQuery" : "earl sweat",
    "searchInteractionURIs" : [
      "spotify:artist:3A5tHz1SfngyOZM2gItYKu"
    ]
  },
  {
    "platform" : "ANDROID_ARM",
    "searchTime" : "2020-08-07T17:30:21.936Z[UTC]",
    "searchQuery" : "jade ",
    "searchInteractionURIs" : [
      "spotify:artist:6HFxqZ6WaTb7TQUhNsK25o"
    ]
  },
  {
    "platform" : "DESKTOP",
    "searchTime" : "2020-08-07T17:52:12.138Z[UTC]",
    "searchQuery" : "jade ",
    "searchInteractionURIs" : [
      "spotify:artist:6HFxqZ6WaTb7TQUhNsK25o"
    ]
  },
  {
    "platform" : "ANDROID_ARM",
    "searchTime" : "2020-08-08T03:40:49.525Z[UTC]",
    "searchQuery" : "saving abel",
    "searchInteractionURIs" : [
      "spotify:artist:2AVVj8ezW2mJ0v8u7XydiF"
    ]
  },
  {
    "platform" : "ANDROID_ARM",
    "searchTime" : "2020-08-08T06:11:00.373Z[UTC]",
    "searchQuery" : "minis",
    "searchInteractionURIs" : [
      "spotify:artist:1DXylZlWbVvlckNqwvjTEt"
    ]
  },
  {
    "platform" : "ANDROID_ARM",
    "searchTime" : "2020-08-08T06:50:58.497Z[UTC]",
    "searchQuery" : "cheese and",
    "searchInteractionURIs" : [
      ""
    ]
  },
  {
    "platform" : "ANDROID_ARM",
    "searchTime" : "2020-08-08T06:51:06.318Z[UTC]",
    "searchQuery" : "project",
    "searchInteractionURIs" : [
      "spotify:artist:08Ld63UgKrJ0nZnCkzHtzc",
      ""
    ]
  },
  {
    "platform" : "ANDROID_ARM",
    "searchTime" : "2020-08-09T18:11:51.994Z[UTC]",
    "searchQuery" : "everywhere at the ",
    "searchInteractionURIs" : [
      "spotify:playlist:3OLgZftRb35nNzH8NxIdI3",
      ""
    ]
  },
  {
    "platform" : "ANDROID_ARM",
    "searchTime" : "2020-08-09T18:12:10.369Z[UTC]",
    "searchQuery" : "a bucket of jake",
    "searchInteractionURIs" : [
    ]
  },
  {
    "platform" : "ANDROID_ARM",
    "searchTime" : "2020-08-10T16:50:21.623Z[UTC]",
    "searchQuery" : "jre",
    "searchInteractionURIs" : [
      "spotify:show:4rOoJ6Egrf8K2IrywzwOMk"
    ]
  },
  {
    "platform" : "ANDROID_ARM",
    "searchTime" : "2020-08-11T17:12:42.140Z[UTC]",
    "searchQuery" : "tear it up",
    "searchInteractionURIs" : [
      "spotify:track:08xW6It0k2mjTq5LvGeTGK"
    ]
  },
  {
    "platform" : "ANDROID_ARM",
    "searchTime" : "2020-08-12T10:49:01.494Z[UTC]",
    "searchQuery" : "zeds dead",
    "searchInteractionURIs" : [
      "spotify:artist:67qogtRNI0GjUr8PlaG6Zh"
    ]
  },
  {
    "platform" : "ANDROID_ARM",
    "searchTime" : "2020-08-12T10:57:17.061Z[UTC]",
    "searchQuery" : "rude b",
    "searchInteractionURIs" : [
      "spotify:track:2nz6tKHsV0GJhwaXIOvYz5"
    ]
  },
  {
    "platform" : "ANDROID_ARM",
    "searchTime" : "2020-08-12T13:08:26.724Z[UTC]",
    "searchQuery" : "this is zed",
    "searchInteractionURIs" : [
      "spotify:playlist:37i9dQZF1DZ06evO3BPiTe"
    ]
  },
  {
    "platform" : "ANDROID_ARM",
    "searchTime" : "2020-08-12T14:19:39.566Z[UTC]",
    "searchQuery" : "porter",
    "searchInteractionURIs" : [
      "spotify:artist:3dz0NnIZhtKKeXZxLOxCam"
    ]
  },
  {
    "platform" : "ANDROID_ARM",
    "searchTime" : "2020-08-12T18:06:41.143Z[UTC]",
    "searchQuery" : "b",
    "searchInteractionURIs" : [
      ""
    ]
  },
  {
    "platform" : "ANDROID_ARM",
    "searchTime" : "2020-08-12T18:06:42.620Z[UTC]",
    "searchQuery" : "string",
    "searchInteractionURIs" : [
      "spotify:artist:7N3JfLDzzjXdPbsyco7X0l"
    ]
  },
  {
    "platform" : "ANDROID_ARM",
    "searchTime" : "2020-08-12T21:51:14.173Z[UTC]",
    "searchQuery" : "lake of fir",
    "searchInteractionURIs" : [
      "spotify:track:4UJmPSJsBsIR1U0N79BU1g"
    ]
  },
  {
    "platform" : "ANDROID_ARM",
    "searchTime" : "2020-08-12T22:32:30.793Z[UTC]",
    "searchQuery" : "coffee breath zed",
    "searchInteractionURIs" : [
    ]
  },
  {
    "platform" : "ANDROID_ARM",
    "searchTime" : "2020-08-12T22:32:32.441Z[UTC]",
    "searchQuery" : "coffee breath",
    "searchInteractionURIs" : [
      ""
    ]
  },
  {
    "platform" : "ANDROID_ARM",
    "searchTime" : "2020-08-13T03:30:41.044Z[UTC]",
    "searchQuery" : "ms new",
    "searchInteractionURIs" : [
      "spotify:track:0k6HUzaRHpQ3eEWr1C7Esh"
    ]
  },
  {
    "platform" : "ANDROID_ARM",
    "searchTime" : "2020-08-13T11:09:57.388Z[UTC]",
    "searchQuery" : "meat puppets",
    "searchInteractionURIs" : [
      "spotify:artist:2h9yQhKyqOMex3QFMVeq7F"
    ]
  },
  {
    "platform" : "ANDROID_ARM",
    "searchTime" : "2020-08-14T00:58:44.697Z[UTC]",
    "searchQuery" : "dingleberr_e",
    "searchInteractionURIs" : [
      "spotify:user:dingleberr_e"
    ]
  },
  {
    "platform" : "ANDROID_ARM",
    "searchTime" : "2020-08-14T10:53:06.362Z[UTC]",
    "searchQuery" : "miles ",
    "searchInteractionURIs" : [
      "spotify:artist:0kbYTNQb4Pb1rPbbaF0pT4"
    ]
  },
  {
    "platform" : "ANDROID_ARM",
    "searchTime" : "2020-08-14T11:17:55.700Z[UTC]",
    "searchQuery" : "tedes",
    "searchInteractionURIs" : [
      "spotify:artist:2gFsmDBM0hkoZPmrO5EdyO"
    ]
  },
  {
    "platform" : "ANDROID_ARM",
    "searchTime" : "2020-08-14T14:12:50.660Z[UTC]",
    "searchQuery" : "franky",
    "searchInteractionURIs" : [
      "spotify:artist:3YZPramylP3cGeVkbykhVZ"
    ]
  },
  {
    "platform" : "ANDROID_ARM",
    "searchTime" : "2020-08-14T17:20:49.469Z[UTC]",
    "searchQuery" : "tame ",
    "searchInteractionURIs" : [
      "spotify:artist:5INjqkS1o8h1imAzPqGZBb"
    ]
  },
  {
    "platform" : "ANDROID_ARM",
    "searchTime" : "2020-08-14T19:22:32.382Z[UTC]",
    "searchQuery" : "tipper",
    "searchInteractionURIs" : [
      "spotify:artist:1soJ22UMyjIw6SYFtoFJwe"
    ]
  },
  {
    "platform" : "ANDROID_ARM",
    "searchTime" : "2020-08-15T04:00:18.149Z[UTC]",
    "searchQuery" : "close your",
    "searchInteractionURIs" : [
      "spotify:album:2yCYTm7ViWUQH4g2xDKUVd"
    ]
  },
  {
    "platform" : "ANDROID_ARM",
    "searchTime" : "2020-08-15T04:00:29.219Z[UTC]",
    "searchQuery" : "close your eyes toy",
    "searchInteractionURIs" : [
      "spotify:track:2NUMjMNfNAwTqGzlETnDoh",
      "spotify:track:2NUMjMNfNAwTqGzlETnDoh",
      ""
    ]
  },
  {
    "platform" : "ANDROID_ARM",
    "searchTime" : "2020-08-15T04:01:11.963Z[UTC]",
    "searchQuery" : "y",
    "searchInteractionURIs" : [
      ""
    ]
  },
  {
    "platform" : "ANDROID_ARM",
    "searchTime" : "2020-08-15T04:01:17.629Z[UTC]",
    "searchQuery" : "toy ",
    "searchInteractionURIs" : [
      ""
    ]
  },
  {
    "platform" : "ANDROID_ARM",
    "searchTime" : "2020-08-16T12:30:03.964Z[UTC]",
    "searchQuery" : "trop",
    "searchInteractionURIs" : [
      "spotify:artist:2SGFnb6c73UJd1vT6aGBMl"
    ]
  },
  {
    "platform" : "ANDROID_ARM",
    "searchTime" : "2020-08-16T12:41:43.878Z[UTC]",
    "searchQuery" : "tropTV",
    "searchInteractionURIs" : [
      ""
    ]
  },
  {
    "platform" : "ANDROID_ARM",
    "searchTime" : "2020-08-16T12:41:51.623Z[UTC]",
    "searchQuery" : "lotus",
    "searchInteractionURIs" : [
      "spotify:artist:1a4N2lwra7WGjwCDJS1Dkk"
    ]
  },
  {
    "platform" : "ANDROID_ARM",
    "searchTime" : "2020-08-17T13:59:11.641Z[UTC]",
    "searchQuery" : "griz",
    "searchInteractionURIs" : [
      "spotify:artist:25oLRSUjJk4YHNUsQXk7Ut"
    ]
  },
  {
    "platform" : "ANDROID_ARM",
    "searchTime" : "2020-08-17T17:47:17.182Z[UTC]",
    "searchQuery" : "ben broh",
    "searchInteractionURIs" : [
      "spotify:artist:5tDjiBYUsTqzd0RkTZxK7u"
    ]
  },
  {
    "platform" : "ANDROID_ARM",
    "searchTime" : "2020-08-18T01:43:28.992Z[UTC]",
    "searchQuery" : "clozee bai",
    "searchInteractionURIs" : [
      "spotify:track:5nQRjPmBn5foHzXI78qv5K",
      ""
    ]
  },
  {
    "platform" : "ANDROID_ARM",
    "searchTime" : "2020-08-18T01:46:47.266Z[UTC]",
    "searchQuery" : "cloz",
    "searchInteractionURIs" : [
      "spotify:artist:1496XxkytEk26FUJLfpVZr",
      ""
    ]
  },
  {
    "platform" : "ANDROID_ARM",
    "searchTime" : "2020-08-18T01:47:17.092Z[UTC]",
    "searchQuery" : "opi",
    "searchInteractionURIs" : [
      "spotify:artist:69Fy7EM9qAFPdKSKLFU66b"
    ]
  },
  {
    "platform" : "ANDROID_ARM",
    "searchTime" : "2020-08-18T01:56:54.258Z[UTC]",
    "searchQuery" : "midnight mis",
    "searchInteractionURIs" : [
      "spotify:track:3O5JIwSON3KBaoyMUsjLjn",
      "spotify:track:3O5JIwSON3KBaoyMUsjLjn"
    ]
  },
  {
    "platform" : "ANDROID_ARM",
    "searchTime" : "2020-08-18T02:28:09.374Z[UTC]",
    "searchQuery" : "minus",
    "searchInteractionURIs" : [
      "spotify:artist:0YQBN02bmZvwGNrrWsg2sT"
    ]
  },
  {
    "platform" : "ANDROID_ARM",
    "searchTime" : "2020-08-18T03:58:53.568Z[UTC]",
    "searchQuery" : "bono",
    "searchInteractionURIs" : [
      "spotify:artist:0cmWgDlu9CwTgxPhf403hb"
    ]
  },
  {
    "platform" : "ANDROID_ARM",
    "searchTime" : "2020-08-18T13:04:03.192Z[UTC]",
    "searchQuery" : "velvet green",
    "searchInteractionURIs" : [
      "spotify:artist:3ABaec4jjl95VqmG1iD4k2"
    ]
  },
  {
    "platform" : "ANDROID_ARM",
    "searchTime" : "2020-08-18T13:26:41.801Z[UTC]",
    "searchQuery" : "polo",
    "searchInteractionURIs" : [
      "spotify:artist:45yEuthJ9yq1rNXAOpBnqM"
    ]
  },
  {
    "platform" : "ANDROID_ARM",
    "searchTime" : "2020-08-18T14:23:37.367Z[UTC]",
    "searchQuery" : "pls",
    "searchInteractionURIs" : [
      "spotify:artist:14byx2nRysWNtgauCXscKT"
    ]
  },
  {
    "platform" : "DESKTOP",
    "searchTime" : "2020-08-18T20:55:53.076Z[UTC]",
    "searchQuery" : "virtual self",
    "searchInteractionURIs" : [
      "spotify:artist:0F52YLV7uWqaJfMMDgG737"
    ]
  },
  {
    "platform" : "ANDROID_ARM",
    "searchTime" : "2020-08-19T22:13:27.063Z[UTC]",
    "searchQuery" : "batshit",
    "searchInteractionURIs" : [
    ]
  },
  {
    "platform" : "ANDROID_ARM",
    "searchTime" : "2020-08-20T03:55:30.548Z[UTC]",
    "searchQuery" : "cam ervin",
    "searchInteractionURIs" : [
      ""
    ]
  },
  {
    "platform" : "ANDROID_ARM",
    "searchTime" : "2020-08-22T01:13:35.770Z[UTC]",
    "searchQuery" : "snar",
    "searchInteractionURIs" : [
      "spotify:artist:7ENzCHnmJUr20nUjoZ0zZ1"
    ]
  },
  {
    "platform" : "ANDROID_ARM",
    "searchTime" : "2020-08-23T14:19:56.165Z[UTC]",
    "searchQuery" : "hey girls hey boys",
    "searchInteractionURIs" : [
    ]
  },
  {
    "platform" : "ANDROID_ARM",
    "searchTime" : "2020-08-23T14:20:22.298Z[UTC]",
    "searchQuery" : "hey boys hey ",
    "searchInteractionURIs" : [
      "spotify:track:7kXmJwrZGIhDaLT9sNo3ut",
      "spotify:track:7kXmJwrZGIhDaLT9sNo3ut",
      "spotify:track:7kXmJwrZGIhDaLT9sNo3ut"
    ]
  },
  {
    "platform" : "ANDROID_ARM",
    "searchTime" : "2020-08-24T12:00:01.467Z[UTC]",
    "searchQuery" : "vince s",
    "searchInteractionURIs" : [
      "spotify:artist:68kEuyFKyqrdQQLLsmiatm"
    ]
  },
  {
    "platform" : "DESKTOP",
    "searchTime" : "2020-08-24T18:39:53.166Z[UTC]",
    "searchQuery" : "pretty ",
    "searchInteractionURIs" : [
      "",
      "spotify:playlist:37i9dQZF1DZ06evO2w8fpS"
    ]
  },
  {
    "platform" : "DESKTOP",
    "searchTime" : "2020-08-24T19:14:26.228Z[UTC]",
    "searchQuery" : "pretty ",
    "searchInteractionURIs" : [
    ]
  },
  {
    "platform" : "DESKTOP",
    "searchTime" : "2020-08-24T19:14:33.014Z[UTC]",
    "searchQuery" : "ween",
    "searchInteractionURIs" : [
      "spotify:artist:3u1ulLq00Y3bfmq9FfjsPu"
    ]
  },
  {
    "platform" : "ANDROID_ARM",
    "searchTime" : "2020-08-24T23:55:54.352Z[UTC]",
    "searchQuery" : "wild horses",
    "searchInteractionURIs" : [
      "spotify:track:6eYqvu9hPLkKQL0YgHXKFV"
    ]
  },
  {
    "platform" : "ANDROID_ARM",
    "searchTime" : "2020-08-25T00:01:27.130Z[UTC]",
    "searchQuery" : "gram ",
    "searchInteractionURIs" : [
      "spotify:artist:1KA3WXYMPLxomNuoE22LYd",
      "spotify:artist:1KA3WXYMPLxomNuoE22LYd"
    ]
  },
  {
    "platform" : "ANDROID_ARM",
    "searchTime" : "2020-08-25T00:04:19.698Z[UTC]",
    "searchQuery" : "nickel",
    "searchInteractionURIs" : [
      "spotify:artist:3bcLBxvaI7GsBzGp3WHnwQ"
    ]
  },
  {
    "platform" : "ANDROID_ARM",
    "searchTime" : "2020-08-25T00:04:36.561Z[UTC]",
    "searchQuery" : "punch ",
    "searchInteractionURIs" : [
      "spotify:artist:4gFssfOmWNY3LfIZ3zyoy4"
    ]
  },
  {
    "platform" : "ANDROID_ARM",
    "searchTime" : "2020-08-25T11:13:15.317Z[UTC]",
    "searchQuery" : "skywalker",
    "searchInteractionURIs" : [
      "spotify:track:5WoaF1B5XIEnWfmb5NZikf"
    ]
  },
  {
    "platform" : "ANDROID_ARM",
    "searchTime" : "2020-08-25T22:39:21.018Z[UTC]",
    "searchQuery" : "wax mo",
    "searchInteractionURIs" : [
      "spotify:artist:7zm3aSdmGiOkTt0aZFSO8R"
    ]
  },
  {
    "platform" : "ANDROID_ARM",
    "searchTime" : "2020-08-25T23:46:59.708Z[UTC]",
    "searchQuery" : "witch",
    "searchInteractionURIs" : [
      "spotify:artist:0LMkPoi2xIgpOPUSJMftqM"
    ]
  },
  {
    "platform" : "DESKTOP",
    "searchTime" : "2020-08-26T13:56:55.858Z[UTC]",
    "searchQuery" : "bomb sq",
    "searchInteractionURIs" : [
      "spotify:track:4KtaEAbu5KIwlELMkWiGxs"
    ]
  },
  {
    "platform" : "DESKTOP",
    "searchTime" : "2020-08-26T14:37:20.618Z[UTC]",
    "searchQuery" : "metallica",
    "searchInteractionURIs" : [
      "spotify:artist:2ye2Wgw4gimLv2eAKyk1NB"
    ]
  },
  {
    "platform" : "DESKTOP",
    "searchTime" : "2020-08-26T15:19:10.544Z[UTC]",
    "searchQuery" : "gracy",
    "searchInteractionURIs" : [
      "spotify:artist:2YOYua8FpudSEiB9s88IgQ"
    ]
  },
  {
    "platform" : "ANDROID_ARM",
    "searchTime" : "2020-08-27T13:47:14.838Z[UTC]",
    "searchQuery" : "tool",
    "searchInteractionURIs" : [
      "spotify:artist:2yEwvVSSSUkcLeSTNyHKh8",
      "spotify:playlist:37i9dQZF1DX0GDEVNHvE3h"
    ]
  },
  {
    "platform" : "ANDROID_ARM",
    "searchTime" : "2020-08-27T14:30:51.127Z[UTC]",
    "searchQuery" : "margaret abood",
    "searchInteractionURIs" : [
      "spotify:user:12126462731"
    ]
  },
  {
    "platform" : "ANDROID_ARM",
    "searchTime" : "2020-08-27T15:22:51.421Z[UTC]",
    "searchQuery" : "mirr",
    "searchInteractionURIs" : [
      "spotify:track:3n6ei1V2Qhsi6BhEhm9opS",
      "spotify:track:3n6ei1V2Qhsi6BhEhm9opS"
    ]
  },
  {
    "platform" : "ANDROID_ARM",
    "searchTime" : "2020-08-27T18:41:24.345Z[UTC]",
    "searchQuery" : "maragret ",
    "searchInteractionURIs" : [
      ""
    ]
  },
  {
    "platform" : "ANDROID_ARM",
    "searchTime" : "2020-08-27T19:53:06.897Z[UTC]",
    "searchQuery" : "jesus liz",
    "searchInteractionURIs" : [
      "spotify:artist:6r26MaDr8bqNALjXgYPXMa"
    ]
  },
  {
    "platform" : "ANDROID_ARM",
    "searchTime" : "2020-08-29T22:40:07.913Z[UTC]",
    "searchQuery" : "margaret abood",
    "searchInteractionURIs" : [
      "spotify:user:12126462731"
    ]
  },
  {
    "platform" : "ANDROID_ARM",
    "searchTime" : "2020-08-30T02:33:38.779Z[UTC]",
    "searchQuery" : "the nelsons",
    "searchInteractionURIs" : [
    ]
  },
  {
    "platform" : "ANDROID_ARM",
    "searchTime" : "2020-08-30T12:26:34.579Z[UTC]",
    "searchQuery" : "rain on me",
    "searchInteractionURIs" : [
      "spotify:track:24ySl2hOPGCDcxBxFIqWBu"
    ]
  },
  {
    "platform" : "ANDROID_ARM",
    "searchTime" : "2020-08-30T19:32:41.699Z[UTC]",
    "searchQuery" : "glass",
    "searchInteractionURIs" : [
      "spotify:artist:4yvcSjfu4PC0CYQyLy4wSq",
      ""
    ]
  },
  {
    "platform" : "ANDROID_ARM",
    "searchTime" : "2020-08-30T19:40:12.741Z[UTC]",
    "searchQuery" : "goat",
    "searchInteractionURIs" : [
      "spotify:artist:4vGrte8FDu062Ntj0RsPiZ"
    ]
  },
  {
    "platform" : "ANDROID_ARM",
    "searchTime" : "2020-08-31T03:08:57.271Z[UTC]",
    "searchQuery" : "tondo",
    "searchInteractionURIs" : [
      "spotify:track:0csz09qS2n8Jo7LogHKu7j",
      "spotify:track:0csz09qS2n8Jo7LogHKu7j"
    ]
  },
  {
    "platform" : "ANDROID_ARM",
    "searchTime" : "2020-08-31T22:30:29.380Z[UTC]",
    "searchQuery" : "aphex ",
    "searchInteractionURIs" : [
      "spotify:artist:6kBDZFXuLrZgHnvmPu9NsG"
    ]
  },
  {
    "platform" : "ANDROID_ARM",
    "searchTime" : "2020-08-31T22:30:42.419Z[UTC]",
    "searchQuery" : "aphex twin f",
    "searchInteractionURIs" : [
      "spotify:track:4q650OiSDQIwccxDFpuuBm"
    ]
  },
  {
    "platform" : "ANDROID_ARM",
    "searchTime" : "2020-09-01T02:57:32.878Z[UTC]",
    "searchQuery" : "this is vin",
    "searchInteractionURIs" : [
      "spotify:playlist:37i9dQZF1DZ06evO3Cn7Uc"
    ]
  },
  {
    "platform" : "ANDROID_ARM",
    "searchTime" : "2020-09-01T12:01:08.108Z[UTC]",
    "searchQuery" : "kendri",
    "searchInteractionURIs" : [
      "spotify:artist:2YZyLoL8N0Wb9xBt1NhZWg"
    ]
  },
  {
    "platform" : "ANDROID_ARM",
    "searchTime" : "2020-09-01T15:28:40.633Z[UTC]",
    "searchQuery" : "joe",
    "searchInteractionURIs" : [
      "spotify:show:4rOoJ6Egrf8K2IrywzwOMk"
    ]
  },
  {
    "platform" : "ANDROID_ARM",
    "searchTime" : "2020-09-01T22:59:34.922Z[UTC]",
    "searchQuery" : "flume",
    "searchInteractionURIs" : [
      "spotify:artist:6nxWCVXbOlEVRexSbLsTer"
    ]
  },
  {
    "platform" : "ANDROID_ARM",
    "searchTime" : "2020-09-01T23:49:57.969Z[UTC]",
    "searchQuery" : "benny bla",
    "searchInteractionURIs" : [
      "spotify:artist:5CiGnKThu5ctn9pBxv7DGa"
    ]
  },
  {
    "platform" : "ANDROID_ARM",
    "searchTime" : "2020-09-01T23:55:20.837Z[UTC]",
    "searchQuery" : "jon sine",
    "searchInteractionURIs" : [
      "spotify:artist:02Ik9fYoOXnU6qyuhpoFvR"
    ]
  },
  {
    "platform" : "ANDROID_ARM",
    "searchTime" : "2020-09-04T00:24:45.724Z[UTC]",
    "searchQuery" : "mirachi",
    "searchInteractionURIs" : [
      "spotify:playlist:4EXIkgMEc1ARB2fCPqqWgh"
    ]
  },
  {
    "platform" : "DESKTOP",
    "searchTime" : "2020-09-04T13:23:43.386Z[UTC]",
    "searchQuery" : "pop smoke",
    "searchInteractionURIs" : [
      "spotify:artist:0eDvMgVFoNV3TpwtrVCoTj"
    ]
  },
  {
    "platform" : "ANDROID_ARM",
    "searchTime" : "2020-09-04T17:19:57.852Z[UTC]",
    "searchQuery" : "franc",
    "searchInteractionURIs" : [
      "spotify:artist:7x3f7c0fBanNlQwpx1255g"
    ]
  },
  {
    "platform" : "ANDROID_ARM",
    "searchTime" : "2020-09-07T15:10:30.791Z[UTC]",
    "searchQuery" : "jow r",
    "searchInteractionURIs" : [
    ]
  },
  {
    "platform" : "ANDROID_ARM",
    "searchTime" : "2020-09-07T15:10:32.873Z[UTC]",
    "searchQuery" : "jow ",
    "searchInteractionURIs" : [
      ""
    ]
  },
  {
    "platform" : "ANDROID_ARM",
    "searchTime" : "2020-09-07T15:10:34.718Z[UTC]",
    "searchQuery" : "jre",
    "searchInteractionURIs" : [
      "spotify:show:4rOoJ6Egrf8K2IrywzwOMk"
    ]
  },
  {
    "platform" : "ANDROID_ARM",
    "searchTime" : "2020-09-08T02:52:58.652Z[UTC]",
    "searchQuery" : "an",
    "searchInteractionURIs" : [
    ]
  },
  {
    "platform" : "ANDROID_ARM",
    "searchTime" : "2020-09-08T19:56:11.840Z[UTC]",
    "searchQuery" : "years & yeaes",
    "searchInteractionURIs" : [
      "spotify:artist:5vBSrE1xujD2FXYRarbAXc"
    ]
  },
  {
    "platform" : "ANDROID_ARM",
    "searchTime" : "2020-09-08T22:46:13.469Z[UTC]",
    "searchQuery" : "jre",
    "searchInteractionURIs" : [
      "spotify:show:4rOoJ6Egrf8K2IrywzwOMk"
    ]
  },
  {
    "platform" : "DESKTOP",
    "searchTime" : "2020-09-09T19:24:12.501Z[UTC]",
    "searchQuery" : "pop smoke in",
    "searchInteractionURIs" : [
      "spotify:track:792HwhrdO3ErRKL5yRe4Ge"
    ]
  },
  {
    "platform" : "ANDROID_ARM",
    "searchTime" : "2020-09-10T11:59:22.789Z[UTC]",
    "searchQuery" : "kanye",
    "searchInteractionURIs" : [
      "spotify:artist:5K4W6rqBFWDnAN6FQUkS6x"
    ]
  },
  {
    "platform" : "DESKTOP",
    "searchTime" : "2020-09-10T12:12:26.333Z[UTC]",
    "searchQuery" : "pop smoke in",
    "searchInteractionURIs" : [
    ]
  },
  {
    "platform" : "DESKTOP",
    "searchTime" : "2020-09-10T20:27:41.089Z[UTC]",
    "searchQuery" : "everyday virtual",
    "searchInteractionURIs" : [
      "spotify:track:3zPaMD0hfE7wvmIQXcR8MO"
    ]
  },
  {
    "platform" : "ANDROID_ARM",
    "searchTime" : "2020-09-11T00:47:01.482Z[UTC]",
    "searchQuery" : "the supreme geniu",
    "searchInteractionURIs" : [
      "spotify:playlist:0px33KUg8dRb7E5Ur8QnwQ",
      "spotify:playlist:0px33KUg8dRb7E5Ur8QnwQ"
    ]
  },
  {
    "platform" : "ANDROID_ARM",
    "searchTime" : "2020-09-11T11:48:15.295Z[UTC]",
    "searchQuery" : "israelit",
    "searchInteractionURIs" : [
      "spotify:track:18GLelA5vVdzd9X7WGPmJ8",
      "spotify:track:18GLelA5vVdzd9X7WGPmJ8"
    ]
  },
  {
    "platform" : "DESKTOP",
    "searchTime" : "2020-09-11T12:17:12.161Z[UTC]",
    "searchQuery" : "everyday virtual",
    "searchInteractionURIs" : [
      "spotify:track:3zPaMD0hfE7wvmIQXcR8MO",
      "spotify:playlist:7CAFyKxd6MUk8IcsRVjcpG"
    ]
  },
  {
    "platform" : "DESKTOP",
    "searchTime" : "2020-09-11T14:22:04.496Z[UTC]",
    "searchQuery" : "everyday virtual",
    "searchInteractionURIs" : [
    ]
  },
  {
    "platform" : "ANDROID_ARM",
    "searchTime" : "2020-09-11T17:58:07.254Z[UTC]",
    "searchQuery" : "ludacris s.o",
    "searchInteractionURIs" : [
      "spotify:track:1tXCF7TwDnuHRgwQ63FeM5"
    ]
  },
  {
    "platform" : "ANDROID_ARM",
    "searchTime" : "2020-09-13T03:21:54.306Z[UTC]",
    "searchQuery" : "diplo",
    "searchInteractionURIs" : [
      "spotify:artist:5fMUXHkw8R8eOP2RNVYEZX"
    ]
  },
  {
    "platform" : "ANDROID_ARM",
    "searchTime" : "2020-09-13T14:41:22.779Z[UTC]",
    "searchQuery" : "nba",
    "searchInteractionURIs" : [
      "spotify:artist:7wlFDEWiM5OoIAt8RSli8b"
    ]
  },
  {
    "platform" : "ANDROID_ARM",
    "searchTime" : "2020-09-13T22:37:52.492Z[UTC]",
    "searchQuery" : "jack and w",
    "searchInteractionURIs" : [
      "spotify:track:4JpazKcfOhbwqZrsYhzHee",
      ""
    ]
  },
  {
    "platform" : "ANDROID_ARM",
    "searchTime" : "2020-09-14T15:14:35.566Z[UTC]",
    "searchQuery" : "justice",
    "searchInteractionURIs" : [
      "spotify:artist:1gR0gsQYfi6joyO1dlp76N"
    ]
  },
  {
    "platform" : "ANDROID_ARM",
    "searchTime" : "2020-09-14T16:38:34.138Z[UTC]",
    "searchQuery" : "thedevil wea",
    "searchInteractionURIs" : [
      "spotify:track:7hlA8gMMz6jSp91Twsnuv3"
    ]
  },
  {
    "platform" : "DESKTOP",
    "searchTime" : "2020-09-15T01:32:19.890Z[UTC]",
    "searchQuery" : "baby comeba",
    "searchInteractionURIs" : [
      "spotify:track:2eRYuzlSOBk3HlMsCSOLPJ"
    ]
  },
  {
    "platform" : "ANDROID_ARM",
    "searchTime" : "2020-09-15T10:37:30.966Z[UTC]",
    "searchQuery" : "u",
    "searchInteractionURIs" : [
      ""
    ]
  },
  {
    "platform" : "ANDROID_ARM",
    "searchTime" : "2020-09-15T17:02:57.069Z[UTC]",
    "searchQuery" : "kenny wag",
    "searchInteractionURIs" : [
      "spotify:artist:1riHqX633Kup3mJAw8WR8p",
      ""
    ]
  },
  {
    "platform" : "ANDROID_ARM",
    "searchTime" : "2020-09-15T17:18:13.703Z[UTC]",
    "searchQuery" : "uppermost",
    "searchInteractionURIs" : [
      "spotify:artist:58UpHBCQ1Jj67DJsR7Qyqg"
    ]
  },
  {
    "platform" : "ANDROID_ARM",
    "searchTime" : "2020-09-16T02:00:16.699Z[UTC]",
    "searchQuery" : "s",
    "searchInteractionURIs" : [
      ""
    ]
  },
  {
    "platform" : "ANDROID_ARM",
    "searchTime" : "2020-09-16T02:08:21.663Z[UTC]",
    "searchQuery" : "just",
    "searchInteractionURIs" : [
      "spotify:artist:1gR0gsQYfi6joyO1dlp76N"
    ]
  },
  {
    "platform" : "ANDROID_ARM",
    "searchTime" : "2020-09-16T02:13:06.393Z[UTC]",
    "searchQuery" : "polo",
    "searchInteractionURIs" : [
      "spotify:artist:45yEuthJ9yq1rNXAOpBnqM",
      ""
    ]
  },
  {
    "platform" : "ANDROID_ARM",
    "searchTime" : "2020-09-16T02:14:23.046Z[UTC]",
    "searchQuery" : "clozee",
    "searchInteractionURIs" : [
      "spotify:artist:1496XxkytEk26FUJLfpVZr",
      ""
    ]
  },
  {
    "platform" : "DESKTOP",
    "searchTime" : "2020-09-16T18:46:16.536Z[UTC]",
    "searchQuery" : "justice",
    "searchInteractionURIs" : [
      "spotify:artist:1gR0gsQYfi6joyO1dlp76N"
    ]
  },
  {
    "platform" : "ANDROID_ARM",
    "searchTime" : "2020-09-16T22:15:13.305Z[UTC]",
    "searchQuery" : "a",
    "searchInteractionURIs" : [
      ""
    ]
  },
  {
    "platform" : "ANDROID_ARM",
    "searchTime" : "2020-09-16T22:15:18.430Z[UTC]",
    "searchQuery" : "say so",
    "searchInteractionURIs" : [
      "spotify:track:6HibhGOvkFN74gWRTr6w2i",
      ""
    ]
  },
  {
    "platform" : "ANDROID_ARM",
    "searchTime" : "2020-09-17T12:03:09.788Z[UTC]",
    "searchQuery" : "stupid",
    "searchInteractionURIs" : [
      "spotify:track:7yBbV2k2S2uhaQc24NF2xt"
    ]
  },
  {
    "platform" : "ANDROID_ARM",
    "searchTime" : "2020-09-17T12:03:38.354Z[UTC]",
    "searchQuery" : "n",
    "searchInteractionURIs" : [
      ""
    ]
  },
  {
    "platform" : "ANDROID_ARM",
    "searchTime" : "2020-09-17T20:53:50.062Z[UTC]",
    "searchQuery" : "friz",
    "searchInteractionURIs" : [
      "spotify:search:albums:friz"
    ]
  },
  {
    "platform" : "ANDROID_ARM",
    "searchTime" : "2020-09-17T20:53:53.708Z[UTC]",
    "searchQuery" : "fr",
    "searchInteractionURIs" : [
      ""
    ]
  },
  {
    "platform" : "ANDROID_ARM",
    "searchTime" : "2020-09-17T20:53:54.680Z[UTC]",
    "searchQuery" : "gri",
    "searchInteractionURIs" : [
      "spotify:artist:25oLRSUjJk4YHNUsQXk7Ut"
    ]
  },
  {
    "platform" : "DESKTOP",
    "searchTime" : "2020-09-18T19:53:16.238Z[UTC]",
    "searchQuery" : "grav",
    "searchInteractionURIs" : [
      "spotify:artist:2YOYua8FpudSEiB9s88IgQ"
    ]
  },
  {
    "platform" : "DESKTOP",
    "searchTime" : "2020-09-18T20:30:44.951Z[UTC]",
    "searchQuery" : "grav",
    "searchInteractionURIs" : [
      "spotify:playlist:37i9dQZF1DZ06evO1IJuGA"
    ]
  },
  {
    "platform" : "ANDROID_ARM",
    "searchTime" : "2020-09-18T21:59:06.860Z[UTC]",
    "searchQuery" : "rope ramb",
    "searchInteractionURIs" : [
      "spotify:show:6kmvetrkidIm7D7xd0vXyK"
    ]
  },
  {
    "platform" : "ANDROID_ARM",
    "searchTime" : "2020-09-20T15:59:11.626Z[UTC]",
    "searchQuery" : "virtual ",
    "searchInteractionURIs" : [
      "spotify:artist:4FXGRMSHh2JjHxVwS8dhH1"
    ]
  },
  {
    "platform" : "ANDROID_ARM",
    "searchTime" : "2020-09-20T22:29:21.577Z[UTC]",
    "searchQuery" : "panda ey",
    "searchInteractionURIs" : [
      "spotify:artist:3K0GDmmiRwn1Zc7RZzTeAz"
    ]
  },
  {
    "platform" : "DESKTOP",
    "searchTime" : "2020-09-21T14:35:29.954Z[UTC]",
    "searchQuery" : "amy mill",
    "searchInteractionURIs" : [
    ]
  },
  {
    "platform" : "DESKTOP",
    "searchTime" : "2020-09-21T14:35:36.068Z[UTC]",
    "searchQuery" : "stars",
    "searchInteractionURIs" : [
      "spotify:artist:2EO56JK4txid1Pss9GVbOL"
    ]
  },
  {
    "platform" : "ANDROID_ARM",
    "searchTime" : "2020-09-23T23:27:34.398Z[UTC]",
    "searchQuery" : "maruda",
    "searchInteractionURIs" : [
      "spotify:artist:3YLUvWzk9eBm1WrHFlZxM4"
    ]
  },
  {
    "platform" : "ANDROID_ARM",
    "searchTime" : "2020-09-27T00:36:58.799Z[UTC]",
    "searchQuery" : "fantasy",
    "searchInteractionURIs" : [
      "spotify:search:tracks:fantasy"
    ]
  },
  {
    "platform" : "ANDROID_ARM",
    "searchTime" : "2020-09-27T00:37:17.833Z[UTC]",
    "searchQuery" : "fantasy al",
    "searchInteractionURIs" : [
      "spotify:track:11OoUqXLghsFEEh47JeALh"
    ]
  },
  {
    "platform" : "DESKTOP",
    "searchTime" : "2020-09-29T12:41:10.019Z[UTC]",
    "searchQuery" : "subsidia",
    "searchInteractionURIs" : [
      "spotify:track:3j8IvzNieG2YvWW47P3jmc"
    ]
  },
  {
    "platform" : "ANDROID_ARM",
    "searchTime" : "2020-10-01T14:25:29.569Z[UTC]",
    "searchQuery" : "3l",
    "searchInteractionURIs" : [
      "spotify:artist:4YLQaW1UU3mrVetC8gNkg5"
    ]
  },
  {
    "platform" : "ANDROID_ARM",
    "searchTime" : "2020-10-01T14:29:10.576Z[UTC]",
    "searchQuery" : "kai w",
    "searchInteractionURIs" : [
      "spotify:artist:2fNr4ldujwq97v1jWeqs8K",
      ""
    ]
  },
  {
    "platform" : "ANDROID_ARM",
    "searchTime" : "2020-10-01T14:31:46.420Z[UTC]",
    "searchQuery" : "riot t",
    "searchInteractionURIs" : [
      "spotify:artist:2Zxy5LwBatI5kw4uponwHQ"
    ]
  },
  {
    "platform" : "ANDROID_ARM",
    "searchTime" : "2020-10-01T15:08:15.108Z[UTC]",
    "searchQuery" : "play",
    "searchInteractionURIs" : [
      "spotify:artist:699OTQXzgjhIYAHMy9RyPD"
    ]
  }
]